,600000.SH,600005.SH,600009.SH,600010.SH,600015.SH,600016.SH,600018.SH,600019.SH,600028.SH,600029.SH,600030.SH,600031.SH,600036.SH,600048.SH,600050.SH,600058.SH,600068.SH,600089.SH,600100.SH,600104.SH,600109.SH,600111.SH,600123.SH,600150.SH,600177.SH,600183.SH,600188.SH,600196.SH,600256.SH,600276.SH,600309.SH,600320.SH,600332.SH,600340.SH,600346.SH,600348.SH,600362.SH,600372.SH,600383.SH,600406.SH,600436.SH,600438.SH,600485.SH,600489.SH,600518.SH,600519.SH,600547.SH,600549.SH,600550.SH,600570.SH,600583.SH,600585.SH,600588.SH,600598.SH,600606.SH,600637.SH,600642.SH,600690.SH,600703.SH,600739.SH,600745.SH,600760.SH,600795.SH,600809.SH,600832.SH,600837.SH,600887.SH,600893.SH,600900.SH,600905.SH,600918.SH,600919.SH,600930.SH,600941.SH,600958.SH,600999.SH,601006.SH,601012.SH,601066.SH,601088.SH,601111.SH,601117.SH,601118.SH,601127.SH,601138.SH,601166.SH,601168.SH,601169.SH,601186.SH,601198.SH,601211.SH,601225.SH,601229.SH,601236.SH,601288.SH,601299.SH,601318.SH,601319.SH,601328.SH,601333.SH,601336.SH,601360.SH,601377.SH,601390.SH,601398.SH,601600.SH,601601.SH,601618.SH,601628.SH,601633.SH,601658.SH,601668.SH,601669.SH,601688.SH,601699.SH,601727.SH,601728.SH,601766.SH,601788.SH,601800.SH,601816.SH,601818.SH,601857.SH,601878.SH,601881.SH,601888.SH,601898.SH,601899.SH,601901.SH,601919.SH,601939.SH,601958.SH,601985.SH,601988.SH,601989.SH,601995.SH,601998.SH,603019.SH,603160.SH,603259.SH,603260.SH,603288.SH,603501.SH,603799.SH,603986.SH,603993.SH,688008.SH,688012.SH,688041.SH,688111.SH,688256.SH,688599.SH,688981.SH
2018-01-02,0.0018643562162514958,0.0,0.0,0.0,0.0,0.0,0.0,0.0,0.0,0.0,0.0,0.0,0.0,0.0,0.0,0.0,0.0,0.0,0.0,1.9655140406449492e-05,0.0,0.0,0.0,0.0,0.0,0.0,0.0,0.0,0.0,0.0,0.0,0.0,0.0,0.0,0.0,0.0,0.0,0.0,0.0,0.0,0.0,0.0,0.0,0.0,0.10009619515136454,0.09168435504963267,0.10009452516361943,0.0,0.0,0.0,0.0,0.0,0.0,0.0,3.1264764509788745e-05,0.0,0.0,0.0,0.0,0.0,0.0,0.0,0.0,0.0,0.0,0.057902180408798444,0.0,0.0,0.0,0.0,0.0,0.000931748263344811,0.0,0.0,0.10007633422568145,0.015400842257401902,0.0,0.0,0.0,0.08322184125725963,0.0,0.0,0.0,0.0,0.0,0.0,0.0,0.0001746627671696998,0.1000785186292945,0.0,0.02974887093486451,0.0,0.01620227329032124,0.0,0.0,0.0,0.0,0.0,0.0,0.0,0.004595232216297026,0.0,0.0,0.024777623085026717,0.0,0.0,0.0,0.0,0.008699748971112434,0.0,0.0,0.0,0.0,0.0,0.0,0.0,0.0,0.0,0.0,0.10009222147516744,0.0,0.0,0.05596122596907309,0.0,0.009923867694632448,0.0,0.0,0.0,0.0,0.0,0.0,0.0,0.09835714893979701,0.0,0.0,0.0,0.0,0.0,0.0,0.0,0.0,0.0,0.0,0.0,0.0,6.530812897326067e-05,0.0,0.0,0.0,0.0,0.0,0.0,0.0
2018-02-01,6.752197068505207e-06,0.0,0.0,0.0,0.0,1.8714301939068624e-06,0.0,1.2058334692195178e-05,1.433935416013198e-06,4.127561940766662e-06,1.2479890098370492e-06,0.0,4.338353977412489e-06,4.281873842786989e-06,1.4085745737581956e-06,0.0,0.0,0.0,0.0,9.872820177376979e-05,0.0,0.0001026555930720112,0.0,0.0,0.0,0.0,0.0,0.0,0.0,0.0,0.0,0.0,0.0,0.0,0.0,0.0,0.0,0.0,0.0,0.0,0.0,0.0,0.0,0.0,0.10006199991005454,0.10006205955221761,0.10006202227586569,0.0,0.0,0.0,0.0,0.0,0.0,0.0,5.568719763721439e-06,0.0,0.0,0.0,0.0,0.0,0.0,0.0,0.0,0.0,0.0,0.05776228308540671,6.172340935836042e-06,0.0,0.0,0.0,0.0,0.0009445264352422919,0.0,0.0,0.10006161969126504,0.10006213410492144,4.178573026641618e-06,0.0,0.0,0.020370422940542268,0.0,0.0,0.0,0.0,0.0,1.686205015975128e-06,0.0,7.472937971941593e-06,0.10007635130554113,0.0,0.10006268579492975,0.0,9.571580658478505e-05,0.0,1.1646262868641918e-06,0.0,1.5265331595081037e-06,0.0,1.796978735054854e-06,0.0,0.0013341763165237773,0.0,0.0,0.02402627878861733,2.3626338380881454e-06,0.0,8.690326200187015e-06,0.0,0.005282161576066931,0.0,0.0,1.0736424337641604e-06,1.2058472112340169e-05,2.6281068065339757e-06,0.0,0.0,0.0,6.151809820133855e-06,0.0,0.10006114255396055,0.0,2.717782096779828e-06,6.460358088598122e-06,1.2058334692195178e-05,0.010244142586919495,0.0,0.0,0.0,0.0,0.0,0.0,0.0,0.07903236705173865,1.8859616916894277e-06,2.0133941905975465e-06,0.0,0.0,0.0,0.0,0.0,0.0,0.0,0.0,0.0,0.0,7.133844117460492e-05,0.0,0.0,0.0,0.0,0.0,0.0,0.0
2018-03-01,0.0,0.0,0.0,0.0,0.0,0.0,0.0,0.003573260145912463,0.0,0.0,0.0,0.0,0.0,0.0,0.0,0.0,0.0,0.0,0.0,0.052155288188767905,0.0,0.013510026243419711,0.0,0.0,0.0,0.0,0.0,0.0,0.0,0.0,0.0,0.0,0.0,0.0,0.0,0.0,0.0,0.0,0.0,0.0,0.0,0.0,0.0,0.0,0.10000637068342194,0.1000063781345276,0.10000607263919564,0.0,0.0,0.0,0.0,0.0,0.0,0.0,0.0,0.0,0.0,0.0,0.0,0.0,0.0,0.0,0.0,0.0,0.0,2.7215578172845012e-05,0.0,0.0,0.0,0.0,0.0,8.130631212880781e-05,0.0,0.0,0.1000062738190484,0.10000636323231629,6.633314067476432e-05,0.0,0.0,0.0,0.0,0.0,0.0,0.0,0.0,0.0,0.0,0.0,2.1678880944335273e-05,0.0,0.004686010593274654,0.0,0.0008197772805795855,0.0,0.0,0.0,0.0,0.0,0.0,0.0,0.0,0.0,0.0,1.229962615310425e-05,0.0,0.0,0.0,0.0,0.0050389461835654474,0.0,0.0,0.0,0.10000636323231629,0.0,0.0,0.0,0.0,0.0,0.0,0.08685838807557111,0.0,0.0,0.0,0.08362140424478158,0.073394307212412,0.0,0.0,0.0,0.0,0.0,0.0,0.0,0.07609593655281552,0.0,0.0,0.0,0.0,0.0,0.0,0.0,0.0,0.0,0.0,0.0,0.0,0.0,0.0,0.0,0.0,0.0,0.0,0.0,0.0
2018-04-02,0.002704548364617487,0.0,0.0,0.0,0.0,2.4417580012308974e-06,0.0,2.7015146784884372e-05,1.9860036753775603e-06,4.030637728235395e-06,1.8744869114823887e-06,0.0,3.549608613471072e-06,1.9867938323808517e-06,2.2298262475714294e-06,0.0,0.0,0.0,0.0,0.0838845436956048,0.0,1.0453898156289176e-05,0.0,0.0,0.0,0.0,0.0,0.0,0.0,0.0,0.0,0.0,0.0,0.0,0.0,0.0,0.0,0.0,0.0,0.0,0.0,0.0,0.0,0.0,0.07208780320959683,0.10002636986133799,0.0004707492422057194,0.0,0.0,0.0,0.0,0.0,0.0,0.0,2.7237357857947053e-06,0.0,0.0,0.0,0.0,0.0,0.0,0.0,0.0,0.0,0.0,2.853564358634091e-05,5.813568096933107e-06,0.0,0.0,0.0,0.0,0.0010019477132435807,0.0,0.0,0.10002855360237206,0.10002146576031266,0.007778830732333303,0.0,0.0,2.7687720055971653e-05,0.0,0.0,0.0,0.0,0.0,5.893518611678936e-06,0.0,0.08728245219766373,0.00012121834160482181,0.0,0.0014996564391532687,0.0,0.059084594247030414,0.0,1.846316017469816e-06,0.0,1.880736293699556e-06,0.0,4.010074085556182e-06,0.0,1.0988321778005343e-05,0.0,0.0,0.00015943102936742128,1.9052245647874615e-06,0.0,1.6314614107342117e-05,0.0,0.010696718205298958,0.0,0.0,1.9407083914338367e-06,0.10002494633049325,5.2929792736862005e-06,0.0,0.0,0.0,2.343170562278762e-06,0.0,0.1000240296064414,0.0,4.028837243826053e-06,7.557727549458948e-06,0.05198985439812042,0.020890255522188702,0.0,0.0,0.0,0.0,0.0,0.0,0.0,0.10002845671283812,2.256991363153215e-06,4.5968218403446605e-06,0.0,0.0,0.0,0.0,0.0,0.0,0.0,0.0,0.0,0.0,2.3899190163704504e-06,0.0,0.0,0.0,0.0,0.0,0.0,0.0
2018-05-02,0.0005121617191884441,0.0,0.0,0.0,0.0,0.0,0.0,0.0,0.0,0.0,0.0,0.0,0.0,0.0,0.0,0.0,0.0,0.0,0.0,0.09985844591048515,0.0,0.0,0.0,0.0,0.0,0.0,0.0,0.0,0.0,0.0,0.0,0.0,0.0,0.0,0.0,0.0,0.0,0.0,0.0,0.0,0.0,0.0,0.0,0.0,0.10000861436497667,0.1000099331353287,6.248987233911735e-06,0.0,0.0,0.0,0.0,0.0,0.0,0.0,0.0,0.0,0.0,0.0,0.0,0.0,0.0,0.0,0.0,0.0,0.0,0.0,0.0,0.0,0.0,0.0,0.0,0.03152888962631929,0.0,0.0,0.022326912446628606,0.10000970216425009,0.0,0.0,0.0,0.0,0.0,0.0,0.0,0.0,0.0,0.0,0.0,0.0917266620474801,0.0,0.0,0.0,0.0,0.07034334468908301,0.0,0.0,0.0,0.0,0.0,0.0,0.0,0.0,0.0,0.0,0.002919402720743454,0.0,0.0,0.0,0.0,0.08068822637113945,0.0,0.0,0.0,0.10000845790069762,0.0,0.0,0.0,0.0,0.0,0.0,0.1000102311625269,0.0,0.0,0.0,0.0,3.427159982118231e-05,0.0,0.0,0.0,0.0,0.0,0.0,0.0,0.10000849515409739,0.0,0.0,0.0,0.0,0.0,0.0,0.0,0.0,0.0,0.0,0.0,0.0,0.0,0.0,0.0,0.0,0.0,0.0,0.0,0.0
2018-06-01,0.0,0.0,0.0,0.0,0.0,0.0,0.0,0.0,0.0,0.0,0.0,0.0,0.0,0.0,0.0,0.0,0.0,0.0,0.0,0.028185696404891315,0.0,0.0002075105189835681,0.0,0.0,0.0,0.0,0.0,0.0,0.0,0.0,0.0,0.0,0.0,0.0,0.0,0.0,0.0,0.0,0.0,0.0,0.0,0.0,0.0,0.0,0.03197787396296232,0.058354774389165684,0.04717976777789359,0.0,0.0,0.0,0.0,0.0,0.0,0.0,5.510685301656695e-06,0.0,0.0,0.0,0.0,0.0,0.0,0.0,0.0,0.0,0.0,0.0,0.0,0.0,0.0,0.0,0.0,0.046698093334550106,0.0,0.0,0.004635082675078683,0.10009848764427234,4.326131508377005e-07,0.0,0.0,0.0,0.0,0.0,0.0,0.0,0.0,0.0,0.0,0.0028095330032507308,0.10006632905154175,0.0,0.10007145027388897,0.0,0.06949719377556023,0.0,0.0,0.0,0.0,0.0,0.0,0.0,0.0,0.0,0.0,0.04673816484943729,0.0,0.0,0.0,0.0,0.10008220707715977,0.0,0.0,0.0,0.10006726831502902,0.0,0.0,0.0,0.0,1.7858330888184417e-05,0.0,0.10009584130666935,0.0,0.0,4.989176638055423e-05,0.0019935313090804975,0.0048777159586271095,0.0,0.0,0.0,0.0,0.0,0.0,0.0,0.056289784976236455,0.0,0.0,0.0,0.0,0.0,0.0,0.0,0.0,0.0,0.0,0.0,0.0,0.0,0.0,0.0,0.0,0.0,0.0,0.0,0.0
2018-07-02,7.361432366701698e-05,0.0,0.0,0.0,0.0,0.0,0.0,0.0,0.0,0.0,0.0,0.0,0.0,0.0,0.0,0.0,0.0,0.0,0.0,0.006004175412686831,0.0,0.0,0.0,0.0,0.0,0.0,0.0,0.0,0.0,0.0,0.0,0.0,0.0,0.0,0.0,0.0,0.0,0.0,0.0,0.0,0.0,0.0,0.0,0.0,0.06697385142733267,0.09667993661888981,0.01882507830419089,0.0,0.0,0.0,0.0,0.0,0.0,0.0,0.0,0.0,0.0,0.0,0.0,0.0,0.0,0.0,0.0,0.0,0.0,0.0,0.0,0.0,0.0,0.0,0.0,0.04568294739011172,0.0,0.0,0.0017065118287749293,0.10000661848731712,3.881596521539296e-08,0.0,0.0,0.0,0.0,0.0,0.0,0.0,0.0,0.0,0.0,0.0,0.10000711025502383,0.0,0.09776902326462325,0.0,0.055417604635260236,0.0,0.0,0.0,0.0,0.0,0.0,0.0,0.0,0.0,0.0,0.051411728230151964,0.0,0.0,0.0,0.0,0.10000698358758423,0.0,0.0,0.0,0.1023733474391765,0.0,0.0,0.0,0.0,0.0,0.0,0.10000821300685099,0.0,0.0,3.6211680067150146e-05,1.4805671352746205e-05,9.023959247234668e-05,0.0,0.0,0.0,0.0,0.0,0.0,0.0,0.05691196002850054,0.0,0.0,0.0,0.0,0.0,0.0,0.0,0.0,0.0,0.0,0.0,0.0,0.0,0.0,0.0,0.0,0.0,0.0,0.0,0.0
2018-08-01,0.002391542293767375,0.0,0.0,0.0,0.0,1.4673112642392145e-06,0.0,1.1086988481944929e-06,1.974524568827314e-06,1.982203045254164e-06,5.935442489825817e-07,0.0,1.5119140483284063e-06,6.756035731710608e-07,6.307925019647183e-07,0.0,0.0,0.0,0.0,0.09155032288482591,0.0,0.00025575152581506307,0.0,0.0,0.0,0.0,0.0,0.0,0.0,2.9972530942208193e-06,1.5327449208161822e-06,0.0,0.0,0.0,0.0,0.0,0.0,0.0,0.0,0.0,0.0,0.0,0.0,0.0,0.06359364959879668,0.10004426306291664,0.09752455771354086,0.0,0.0,0.0,0.0,2.9972530942208193e-06,0.0,0.0,2.9814655789726166e-06,0.0,0.0,2.9972530942208193e-06,2.9972530942208193e-06,0.0,0.0,0.0,0.0,0.0,0.0,0.0,2.006095277778291e-06,0.0,0.0,0.0,0.0,0.0433780032576011,0.0,0.0,0.0016421225723600825,0.10004541083626879,8.99321355093397e-05,0.0,0.0,0.002952594543999623,0.0,0.0,0.0,0.0,0.0,1.7601735273667935e-06,0.0,2.9398750257717503e-06,5.723405181042572e-06,0.0,0.09457419140567357,0.0,0.10005113479688214,0.0,6.512916958408808e-07,0.0,7.960697794159492e-07,0.0,1.8843081001933739e-06,0.0,6.317907448411655e-06,2.9972530942208193e-06,0.0,0.048817017956672495,6.370764270543803e-07,0.0,6.1986341592922655e-06,0.0,0.10004304075882732,0.0,0.0,1.1680260473565535e-06,0.09720559597082062,1.0321754236995206e-06,0.0,0.0,0.0,2.949817309653692e-06,0.0,0.0010796981413842806,0.0,1.3289589206787804e-06,0.0003983508940743199,1.4348129469345652e-05,0.00023969245193054554,0.0,0.0,0.0,0.0,0.0,0.0,0.0,0.05403997177527403,8.520407299286246e-07,1.688565974521263e-06,0.0,0.0,0.0,0.0,0.0,0.0,0.0,0.0,0.0,0.0,1.4278044920088918e-06,0.0,0.0,0.0,0.0,0.0,0.0,0.0
2018-09-03,0.00033944369951880826,0.0,0.0,0.0,0.0,0.0,0.0,0.0,0.0,0.0,0.0,0.0,0.0,0.0,0.0,0.0,0.0,0.0,0.0,0.038929939592945204,0.0,0.08435331624659671,0.0,0.0,0.0,0.0,0.0,0.0,0.0,0.0,0.0,0.0,0.0,0.0,0.0,0.0,0.0,0.0,0.0,0.0,0.0,0.0,0.0,0.0,0.07469512046229272,0.09488245419194184,0.10000488250702587,0.0,0.0,0.0,0.0,0.0,0.0,0.0,0.0,0.0,0.0,0.0,0.0,0.0,0.0,0.0,0.0,0.0,0.0,0.0,0.0,0.0,0.0,0.0,0.0,0.04414872283720756,0.0,0.0,0.007081890311662418,0.1000047930963276,0.0,0.0,0.0,0.0010292048015832192,0.0,0.0,0.0,0.0,0.0,0.0,0.0,2.3272368979920605e-06,0.0,0.0,0.09586151623987647,0.0,8.113638137448567e-05,0.0,0.0,0.0,0.0,0.0,0.0,0.0,2.5265202781090995e-06,0.10000435349372773,0.0,0.0,0.0,0.0,0.0,0.0,0.100006208765717,0.0,0.0,0.0,0.10010824872512755,0.0,0.0,0.0,0.0,0.0,0.0,0.0005451991957812772,0.0,0.0,0.0,0.0,0.0029183542483192885,0.0,0.0,0.0,0.0,0.0,0.0,0.0,0.05500036144579814,0.0,0.0,0.0,0.0,0.0,0.0,0.0,0.0,0.0,0.0,0.0,0.0,0.0,0.0,0.0,0.0,0.0,0.0,0.0,0.0
2018-10-08,0.08338327518796265,0.0,0.0,0.0,0.0,3.6462250402286473e-06,0.0,4.552109167079979e-06,3.9638799619743555e-06,3.978552698454846e-06,4.002952080355765e-06,0.0,3.5509648089658295e-06,3.851320918208031e-06,3.68430643965324e-06,0.0,0.0,0.0,0.0,8.749394966079311e-06,0.0,4.490113126326453e-05,0.0,0.0,0.0,0.0,0.0,0.0,0.0,4.43458538663632e-06,6.324359171900136e-06,0.0,0.0,0.0,0.0,0.0,0.0,0.0,0.0,0.0,0.0,0.0,0.0,0.0,0.07468989252933242,0.0006132002670893904,0.04142520206282531,0.0,0.0,0.0,0.0,4.809335007556949e-06,0.0,0.0,0.07033994140039258,0.0,0.0,3.787561320400275e-06,3.912255250227756e-06,0.0,0.0,0.0,0.0,0.0,0.0,0.0,3.823490287957704e-06,0.0,0.0,0.0,0.0,0.044148438669321256,0.0,0.0,0.10001559248007656,0.10001241836661341,2.366089539731918e-05,0.0,0.0,0.00791857392502765,0.0,0.0,0.0,0.0,0.0,3.553729590190511e-06,0.0,6.481284234085748e-05,4.013582356057211e-06,0.0,0.10001441522672638,0.0,0.06301183733430323,0.0,3.917343229887554e-06,0.0,3.8423710219169314e-06,0.0,3.655998072306683e-06,0.0,4.628558562709786e-05,8.47363174386363e-06,0.0,4.735387398994041e-06,3.907233667156297e-06,0.0,0.00013096326487326595,0.0,0.10001267915058339,0.0,0.0,3.959872973345246e-06,0.10009891668396985,3.6098533529537702e-06,0.0,0.0,0.0,0.0014360094919553515,0.0,0.0006174579146635278,0.0,3.5369012384447868e-06,3.4172279821464593e-06,4.837317531372379e-06,0.05681916432058667,0.0,0.0,0.0,0.0,0.0,0.0,0.0,0.05499831848540582,3.885880342438192e-06,3.54591525746846e-06,0.0,0.0,0.0,0.0,0.0,0.0,0.0,0.0,0.0,0.0,4.079245398525862e-06,0.0,0.0,0.0,0.0,0.0,0.0,0.0
2018-11-01,0.04050145773840702,0.0,0.0,0.0,0.0,7.862352540319315e-06,0.0,4.6544511484440895e-06,4.41362232697548e-06,4.819072694203058e-06,4.986367022152906e-06,0.0,4.259378910125163e-06,4.811053892688772e-06,5.290316267841314e-06,0.0,0.0,0.0,0.0,1.5724441214481916e-05,0.0,0.00019971326971969847,0.0,0.0,0.0,0.0,0.0,0.0,0.0,6.385062831434622e-06,1.3208456482873604e-05,0.0,0.0,0.0,0.0,0.0,0.0,0.0,0.0,0.0,0.0,0.0,0.0,0.0,0.0720297613328693,0.00027704548874491874,0.06751314559203499,0.0,0.0,0.0,0.0,5.412578196614284e-06,0.0,0.0,0.08505630960099966,0.0,0.0,1.2449625639971615e-05,1.2436460538518056e-05,0.0,0.0,0.0,0.0,0.0,0.0,0.0,4.196708423196732e-06,0.0,0.0,0.0,0.0,0.042584937574542084,0.0,0.0,0.10004389099739175,0.10004299654571348,3.831553875656309e-05,0.0,0.0,0.09922751749686963,0.0,0.0,0.0,0.0,0.0,7.279105517162921e-06,0.0,0.0006365926730017223,7.058858710859853e-06,0.0,0.04399170881283508,0.0,0.08500162133463736,0.0,4.904907900041307e-06,0.0,4.51453793861173e-06,0.0,7.4595726805743685e-06,0.0,0.0004487013058932996,0.0021394494511125096,0.0,0.0007892829700140722,4.408629797313743e-06,0.0,0.0001588064888739816,0.0,0.10004131944881672,0.0,0.0,4.369487072731438e-06,0.09652411929069875,8.034625294739765e-06,0.0,0.0,0.0,0.0014282924677555921,0.0,0.00271196747252295,0.0,9.697661764878487e-06,0.0006379729004547422,1.4140538204742492e-05,0.004576702861623426,0.0,0.0,0.0,0.0,0.0,0.0,0.0,0.05304363060769758,5.852700576834418e-06,0.00016197599819499624,0.0,0.0,0.0,0.0,0.0,0.0,0.0,0.0,0.0,0.0,4.134166229813463e-06,0.0,0.0,0.0,0.0,0.0,0.0,0.0
2018-12-03,0.08832212328639574,0.0,0.0,0.0,0.0,1.547416100480369e-07,0.0,3.9915816187839554e-07,3.0471460853344125e-07,2.5515004886160236e-07,2.746401776644016e-07,0.0,2.7551076346647425e-07,2.2983277597468343e-07,3.4659003571613354e-07,0.0,0.0,0.0,0.0,2.777718082585116e-07,0.0,0.0001957629183237785,0.0,0.0,0.0,0.0,0.0,0.0,0.0,1.812916065109253e-07,2.9098193602465063e-07,0.0,0.0,0.0,0.0,0.0,0.0,0.0,0.0,0.0,0.0,0.0,0.0,0.0,0.07160130815366741,2.9714333708246364e-07,0.0770282929711283,0.0,0.0,0.0,0.0,2.7625990721016814e-07,0.0,0.0,0.0019242576509022546,0.0,0.0,2.7861792375581854e-07,3.237540687849391e-07,0.0,0.0,0.0,0.0,0.0,0.0,0.0,2.840137822710412e-07,0.0,0.0,0.0,0.0,0.042331671395647315,0.0,0.0,0.002250277237685047,0.09999656917063994,0.0003102663064545622,0.0,0.0,0.09999656172029897,0.0,0.0,0.0,0.0,0.0,1.4087000248135146e-07,0.0,0.06235833692153304,2.0671153531052007e-07,0.0,0.0018646619078615944,0.0,0.09848803903234102,0.0,2.6775461474197604e-07,0.0,2.857261636095329e-07,0.0,1.4506745553094682e-07,0.0,0.0014480221941361334,0.002219378811110011,0.0,0.0006146708243302491,2.736625023055841e-07,0.0,5.712108755103923e-06,0.0,0.09999630095836513,0.0,0.0,2.3595774157290332e-07,0.09594993137514223,1.8640044341426724e-07,0.0,0.0,0.0,1.1544974684261057e-07,0.0,0.09999654681961705,0.0,0.0003654412907326626,1.9218941837027956e-07,2.1222907746088164e-07,2.856066257444403e-07,0.0,0.0,0.0,0.0,0.0,0.0,0.0,0.05272814539315473,2.02763147900663e-07,1.6116685555915176e-07,0.0,0.0,0.0,0.0,0.0,0.0,0.0,0.0,0.0,0.0,3.598238948463601e-07,0.0,0.0,0.0,0.0,0.0,0.0,0.0
2019-01-02,0.08901112260880104,0.0,0.0,0.0,0.0,0.0,0.0,0.0,0.0,0.0,0.0,0.0,0.0,0.0,0.0,0.0,0.0,0.0,0.0,0.0,0.0,0.012829617927916296,0.0,0.0,0.0,0.0,0.0,0.0,0.0,0.0,0.0,0.0,0.0,0.0,0.0,0.0,0.0,0.0,0.0,0.0,0.0,0.0,0.0,0.0,0.07496238539996139,0.0,0.017353404870846297,0.0,0.0,0.0,0.0,0.0,0.0,0.0,0.005094848413115917,0.0,0.0,0.0,0.0,0.0,0.0,0.0,0.0,0.0,0.0,0.0,0.0,0.0,0.0,0.0,0.0,0.04431784186045665,0.0,0.0,0.0019440941493589128,0.10000945983382353,0.0,0.0,0.0,0.10000774611340967,0.0,0.0,0.0,0.0,0.0,0.0,0.0,0.000550558586678659,0.0,0.0,0.002011417399691181,0.0,0.10000822297474221,0.0,0.0,0.0,0.0,0.0,0.0,0.0,0.0018921290704449582,0.09728043458431564,0.0,0.0,0.0,0.0,0.0,0.0,0.10001073394769645,0.0,0.0,0.0,0.10045498243568032,0.0,0.0,0.0,0.0,0.0,0.0,0.09700828088067612,0.0,0.0,0.0,0.0,5.009246172045473e-05,0.0,0.0,0.0,0.0,0.0,0.0,0.0,0.055202626480664325,0.0,0.0,0.0,0.0,0.0,0.0,0.0,0.0,0.0,0.0,0.0,0.0,0.0,0.0,0.0,0.0,0.0,0.0,0.0,0.0
2019-02-01,0.021847585283048632,0.0,0.0,0.0,0.0,5.32315643859619e-07,0.0,1.8675243380078038e-07,6.230876632175161e-07,2.170980523526649e-07,5.8444080441402e-07,0.0,6.441314414710958e-07,4.498866286573472e-07,5.470398428709251e-07,0.0,0.0,0.0,0.0,1.454534036746107e-07,0.0,0.09991518902840803,0.0,0.0,0.0,0.0,0.0,2.801804896674321e-07,0.0,3.646008714749729e-07,3.087042840226183e-07,0.0,0.0,0.0,0.0,0.0,0.0,0.0,0.0,0.0,0.0,0.0,0.0,0.0,0.07220744912774908,0.07001585833864614,0.016935202434667805,0.0,0.0,0.0,0.0,2.312307500014067e-07,0.0,0.0,0.014032594233940225,0.0,0.0,7.611800189444515e-07,3.0171315711927403e-07,0.0,0.0,0.0,0.0,0.0,0.0,0.0,1.7969184722992349e-07,0.0,0.0,0.0,0.0,0.0426893333341394,0.0,0.0,0.0018727012745706417,0.09999326030140636,0.07614169294774009,0.0,0.0,0.09966769139609533,0.0,0.0,0.0,0.0,2.8013822840491515e-07,4.447065403763064e-07,0.0,0.00216815506545323,4.313007961258759e-07,0.0,0.00015824040529938835,0.0,0.029613870258368837,0.0,6.895605650271379e-07,0.0,6.574843520382587e-07,0.0,3.837814595146429e-07,0.0,2.83012818450156e-07,0.09999320069932754,0.0,3.243813366643243e-07,6.422726280120129e-07,0.0,2.5298333517305757e-07,0.0,0.09999367006569827,0.0,0.0,5.775308748388606e-07,0.09676293938309509,4.761432640121977e-07,0.0,0.0,0.0,7.626568610731865e-07,0.0,0.0027301160594837607,0.0,4.3933043600408937e-07,3.657650029974714e-07,0.0,5.712254649140319e-05,2.801959788322416e-07,0.0,0.0,0.0,0.0,2.801294180542896e-07,0.0,0.05317400207224004,5.752055675243961e-07,1.4858324606135653e-05,0.0,0.0,0.0,0.0,2.801225118762186e-07,0.0,0.0,0.0,0.0,0.0,4.832102167718937e-07,0.0,0.0,0.0,0.0,0.0,0.0,0.0
2019-03-01,0.08756384310847681,0.0,0.0,0.0,0.0,3.925999950839815e-06,0.0,2.671157446396266e-06,5.090367495617524e-06,3.994932192948657e-06,6.084283099715669e-06,0.0,5.325568939747372e-06,5.314866891807234e-06,4.6794414876224175e-06,0.0,0.0,0.0,0.0,2.297721784494595e-06,0.0,0.09179522560233032,0.0,0.0,0.0,0.0,0.0,6.461168168881182e-06,0.0,3.94681910869406e-06,3.2195443450060153e-06,0.0,0.0,0.0,0.0,0.0,0.0,0.0,0.0,0.0,0.0,0.0,0.0,0.0,0.06634581734686745,0.09994218521313723,0.009891472496671796,0.0,0.0,0.0,0.0,2.7626870670484342e-06,0.0,0.0,1.037756595524861e-05,0.0,0.0,3.777732932403169e-06,4.77912728958472e-06,0.0,0.0,0.0,0.0,0.0,0.0,0.0,4.0677490234867836e-06,0.0,0.0,0.0,0.0,0.03922675477611985,0.0,0.0,0.0017244066815643815,0.0999419543721402,0.0192834050757778,0.0,0.0,0.09994279582480678,0.0,0.0,0.0,0.0,0.09714196477546289,3.9125627381439225e-06,0.0,0.00030970775385009486,5.119057183228399e-06,0.0,6.231274344229184e-06,0.0,0.0006286912085794561,0.0,5.562905157698719e-06,0.0,5.173665942904938e-06,0.0,3.91725360478469e-06,0.0,2.449377080308135e-06,0.04666123854257139,0.0,3.911019719807966e-06,5.3241713605476475e-06,0.0,2.4943636776310553e-06,0.0,0.0008117514934095946,0.0,0.0,4.901909735375194e-06,0.08890556544803378,4.680995868390892e-06,0.0,0.0,0.0,3.96175661697964e-06,0.0,1.5912170475025873e-05,0.0,4.025004915845634e-06,3.906965603885512e-06,0.0,4.296112828425626e-05,0.0008661148972633108,0.0,0.0,0.0,0.0,2.619852427598687e-06,0.0,0.0488593027930178,4.641654582040259e-06,2.1306538034675677e-06,0.0,0.0,0.0,0.0,0.09994042039648254,0.0,0.0,0.0,0.0,0.0,4.767717134850055e-06,0.0,0.0,0.0,0.0,0.0,0.0,0.0
2019-04-01,0.04409265425338395,0.0,0.0,0.0,0.0,1.9894042964880298e-06,0.0,0.0005342052246761175,1.9204511253935935e-06,2.88766607218474e-05,0.0,0.0,4.66698426449126e-06,1.8165105210683607e-06,1.954289065986425e-06,0.0,0.0,0.0,0.0,1.0954831215233554e-05,0.0,0.09086655259982543,0.0,0.0,0.0,0.0,0.0,8.464495165383267e-05,0.0,0.0032528346447275778,0.00022789450615638986,0.0,0.0,0.0,0.0,0.0,0.0,0.0,0.0,0.0,0.0,0.0,0.0,0.0,0.06567412118046612,0.09452797038945074,0.07950196415262503,0.0,0.0,0.0,0.0,0.0010384538040517565,0.0,0.0,0.0008611329427186802,0.0,0.0,0.0006618579168273244,4.1183413631207575e-06,0.0,0.0,0.0,0.0,0.0,0.0,0.0,4.917063153283598e-06,0.0,0.0,0.0,0.0,0.0388290366308971,0.0,0.0,0.0017058790515966015,0.09893097334120698,0.006353037344117367,0.0,0.0,0.10010180307523357,0.0,0.0,0.0,0.0,0.0019647452761777204,2.0313311329037026e-06,0.0,0.0016597448622789907,9.493436762974224e-07,0.0,1.0331910673751183e-05,0.0,0.012153027494612582,0.0,1.3705759419688197e-07,0.0,2.1424835773384022e-06,0.0,1.4187637635551897e-06,0.0,0.0003343427655994048,0.10010528595621829,0.0,1.561053335913004e-06,1.4168563636834024e-06,0.0,0.00016294500437779756,0.0,0.005061734048320506,0.0,0.0,7.45155615313511e-07,0.0880060781088564,2.815413478265729e-06,0.0,0.0,0.0,1.1285516383340067e-06,0.0,0.0017488002459158665,0.0,2.528249482963156e-06,2.301526199760363e-06,0.0,4.875438705922237e-05,0.012849195366643574,0.0,0.0,0.0,0.0,9.010591134288492e-05,0.0,0.04836420641542693,1.4895475195990664e-06,3.5903401676833145e-06,0.0,0.0,0.0,0.0,0.10010662093629594,0.0,0.0,0.0,0.0,0.0,3.5950913128803264e-06,0.0,0.0,0.0,0.0,0.0,0.0,0.0
2019-05-06,0.00032686698523469687,0.0,0.0,0.0,0.0,3.200314970407777e-06,0.0,2.6698869036572113e-05,2.143090382633686e-06,2.6471866831725314e-05,1.33437239298055e-06,0.0,8.124447383949201e-06,2.10212669788357e-06,2.1924660556256054e-06,0.0,0.0,0.0,0.0,1.9040459177413005e-05,0.0,0.09497433675474583,0.0,0.0,0.0,0.0,0.0,0.0034219746213827373,0.0,0.08029957572592372,0.001203156717055229,0.0,0.0,0.0,0.0,0.0,0.0,0.0,0.0,0.0,0.0,0.0,0.0,0.0,0.06864316826781729,0.09667943414314013,0.04555650847756124,0.0,0.0,0.0,0.0,0.0011890340184002152,0.0,0.0,0.0008148793513280414,0.0,0.0,2.6910291160000103e-05,3.555707619708565e-05,0.0,0.0,0.0,0.0,0.0,0.0,0.0,0.00030669951345120615,0.0,0.0,0.0,0.0,0.040584640212341164,0.0,0.0,0.0017830927064106823,0.10340329088808356,1.0978851697838373e-05,0.0,0.0,0.001595643765821089,0.0,0.0,0.0,0.0,2.747003847948909e-05,3.0261869502942235e-06,0.0,8.843105710260845e-06,1.7770288763002433e-06,0.0,1.7882672225255135e-05,0.0,0.012824729318816341,0.0,1.3602869493259856e-06,0.0,5.9631760690781534e-06,0.0,1.9398673202747384e-06,0.0,0.0007451442390572103,0.10004579780681934,0.0,2.5695150362974378e-06,1.9599775637857966e-06,0.0,0.0001749287500356769,0.0,0.002295149522249136,0.0,0.0,1.6420114375721638e-06,0.09198454795026065,2.398198519312243e-06,0.0,0.0,0.0,2.068109762144757e-06,0.0,0.00016674885241218214,0.0,2.3869682033532103e-06,3.2606477483176125e-06,0.0,6.062238616314488e-05,0.10004464239482411,0.0,0.0,0.0,0.0,3.083983028520886e-06,0.0,0.050550855096791775,2.1556792467505435e-06,1.4453613869893396e-05,0.0,0.0,0.0,0.0,0.10004113888748374,0.0,0.0,0.0,0.0,0.0,1.4397347409518912e-05,0.0,0.0,0.0,0.0,0.0,0.0,0.0
2019-06-03,0.0003112112265821066,0.0,0.0,0.0,0.0,3.317507880313643e-09,0.0,2.0024621918568866e-05,0.0,1.8576355034968272e-05,0.0,0.0,6.853120898188081e-06,0.0,0.0,0.0,0.0,0.0,0.0,2.38086046003665e-05,0.0,0.0951319983388306,0.0,0.0,0.0,0.0,0.0,0.0006686245570087844,0.0,0.05296523946495646,8.20690354217618e-05,0.0,0.0,0.0,0.0,0.0,0.0,0.0,0.0,0.0,0.0,0.0,0.0,0.0,0.0687558814584504,0.09534741160303839,0.002663510241538085,0.0,0.0,0.0,0.0,0.0009310690378573688,0.0,0.0,0.001301712563915963,0.0,0.0,1.9785266770373693e-05,2.183201160269348e-05,0.0,0.0,0.0,0.0,0.0,0.0,0.0,0.0003117570096754207,0.0,0.0,0.0,0.0,0.04064948548486924,0.0,0.0,0.0017811751354613891,0.10357537838369764,0.00015370799433540362,0.0,0.0,0.10004119954641062,0.0,0.0,0.0,0.0,1.9361404108127406e-05,1.0960155053236889e-05,0.0,9.86336159955233e-06,0.0,0.0,1.3151031424738134e-05,0.0,0.012598043186617853,0.0,0.0,0.0,3.3275656102923595e-06,0.0,0.0,0.0,7.105955389304021e-05,0.07872015368608609,0.0,1.246044348021095e-05,0.0,0.0,0.003552152148589792,0.0,8.340841683127448e-05,0.0,0.0,0.0,0.09213710549042585,0.0,0.0,0.0,0.0,8.758204632312731e-07,0.0,0.0001622866592908662,0.0,0.0,8.387713549557384e-07,0.0,6.244118172533402e-05,0.10004344312400669,0.0,0.0,0.0,0.0,3.3481967667020584e-07,0.0,0.05063285048331008,0.0,4.234875637529897e-06,0.0,0.0,0.0,0.0,0.097075525382978,0.0,0.0,0.0,0.0,0.0,3.8080574539231526e-06,0.0,0.0,0.0,0.0,0.0,0.0,0.0
2019-07-01,2.0338233935726595e-07,0.0,0.0,0.0,0.0,3.6004387476009143e-07,0.0,0.00015919676800186334,2.229400871151825e-07,3.383174711736444e-07,6.470616006857793e-07,0.0,1.5372369758231185e-07,5.608741680517321e-07,6.255670785629687e-07,0.0,0.0,0.0,0.0,0.06702579571504272,0.0,0.08889326044191148,0.0,0.0,0.0,0.0,0.0,1.7808266202620703e-07,0.0,3.298293306897464e-05,1.7727318853391777e-05,0.0,0.0,0.0,0.0,0.0,0.0,0.0,0.0,0.0,0.0,0.0,0.0,0.0,0.06424693119052893,0.09999483133230293,0.003152508591400029,0.0,0.0,0.0,0.0,3.6981936178845265e-05,0.0,0.0,0.001256806611954547,0.0,0.0,0.0012104734690168684,4.197105364209821e-07,0.0,0.0,0.0,0.0,0.0,0.0,0.0,1.523908978374046e-07,0.0,0.0,0.0,0.0,0.03798380017738045,0.0,0.0,0.0016645298417462095,0.09678290794519886,0.0001440766073475268,0.0,1.279126390628789e-07,0.09999486113317775,0.0,0.0,0.0,0.0,3.156921894241999e-07,5.160295036904405e-07,0.0,9.47312133010864e-06,4.559856190038301e-07,0.0,4.6350990108469415e-07,0.0,0.011923650372814424,0.0,5.584941360268789e-07,0.0,2.521251786633523e-07,0.0,2.9578593738293455e-07,0.0,4.9821333152072156e-05,0.07629099199803265,0.0,2.4266987733420015e-07,4.7492003789776725e-07,0.0,0.003565347327609123,0.0,0.01193614252702586,0.0,0.0,5.655129341376192e-07,0.08609477204133213,5.399891483028827e-07,0.0,0.0,0.0,3.0143544404643776e-07,0.0,0.0001601538737347466,0.0,3.869052917956512e-07,2.614076559723583e-07,0.0,5.854433877941774e-05,0.09999461527596053,0.0,0.0,0.0,0.0,4.644932728855628e-07,0.0,0.047312438797741774,3.7058739048348836e-07,5.823141799836792e-07,0.0,0.0,0.0,0.0,0.09999483878252163,0.0,0.0,0.0,0.0,0.0,5.003321034195298e-07,0.0,0.0,0.0,0.0,0.0,0.0,0.0
2019-08-01,0.0001473653321798975,0.0,0.0,0.0,0.0,2.178829996024312e-06,0.0,0.011880108171720107,3.236926462606937e-06,0.00012810880513758344,6.149023417548022e-07,1.4212851135286712e-05,1.4023041384977025e-06,1.6048410565618462e-06,5.194853350910286e-07,0.0,0.0,0.0,0.0,0.0020364726741895086,0.0,0.08986247666150161,0.0,0.0,0.0,0.0,0.0,0.0007658433363064436,0.0,0.0007860017427516409,0.00016333102252688816,0.0,0.0,0.0,0.0,0.0,0.0,0.0,0.0,0.0,0.0,0.0,0.0,0.0,0.0649475452252282,0.09352090137113422,0.0031870753425861462,0.0,0.0,0.0,0.0,0.00013637087974752255,0.0,0.0,0.0012707066439124634,0.0,0.0,0.0019080107925502842,1.615359948749694e-06,0.0,0.0,0.0,0.0,0.0,0.0,1.4212859327570348e-05,2.5846345383401904e-06,0.0,0.0,0.0,0.0,0.03839808353239679,0.0,0.0,0.0016831953050361027,0.0978381193248653,0.0015174741309638713,0.0,1.4223121528204286e-05,0.10008449482143746,1.4212851135286712e-05,0.0,0.0,0.0,1.7591013022894736e-06,6.554507322984949e-07,0.0,1.3491158280202713e-05,1.4952806411101482e-06,0.0,0.00019215256866069399,0.0,0.009672262885695027,0.0,6.382532515494667e-07,0.0,5.992879629274557e-07,1.4212855686555399e-05,1.5851933434246735e-06,0.0,3.182196819476193e-05,0.07712281958495226,0.0,0.0015367038164439807,6.197889251615985e-07,0.0,0.00020343485060682242,0.0,0.006171302460330003,0.0,0.0,1.027852489689937e-06,0.08703348657548882,1.5358387258561428e-05,0.0,0.0,0.0,3.785218074325329e-05,0.0,0.10008465141420839,0.0,3.231683401080284e-06,6.764911905445435e-07,0.0,6.693867625287266e-05,0.05952424914763474,0.0,0.0,0.0,0.0,2.3074235895588114e-06,0.0,0.04782842084010404,1.342588307444962e-06,4.201529630017784e-06,0.0,0.0,0.0,0.0,0.10008448736463883,0.0,0.0,0.0,0.0,0.0,1.3909256937057542e-05,0.0,0.0,0.0,0.0,0.0,0.0,0.0
2019-09-02,1.1657157771696609e-05,0.0,0.0,0.0,0.0,3.652690503973901e-06,0.0,0.0010679430210647272,3.790470825100884e-06,3.1807428944486203e-06,5.023571223051474e-06,2.678183369925928e-06,4.456975464040219e-06,2.961305346314129e-06,4.8315313808836935e-06,0.0,0.0,0.0,0.0,8.595701735484191e-06,0.0,0.08553845817230249,0.0,0.0,0.0,0.0,0.0,0.09995102566776391,0.0,1.784682462265478e-06,2.6397407208519076e-05,0.0,0.0,0.0,0.0,0.0,0.0,0.0,0.0,0.0,0.0,0.0,0.0,0.0,0.061823188928506426,0.0009145439539700916,0.0030337527442594447,0.0,0.0,0.0,0.0,8.200792055287396e-05,0.0,0.0,0.0012109164931105617,0.0,0.0,4.013549613219106e-06,3.6635808159686816e-06,0.0,0.0,0.0,0.0,0.0,0.0,9.933030866665241e-06,3.961862277556905e-06,0.0,0.0,0.0,0.0,0.03655209574792574,0.0,0.0,0.001604593887881731,0.09313006934381504,0.0014451918246424537,0.0,2.7870533546353382e-05,0.09994819580022683,3.463822372280027e-05,0.0,0.0,0.0,3.1003622150000075e-06,4.538044074672876e-06,0.0,1.5201951939715205e-05,1.5120291985527583e-05,0.0,7.814283726153298e-05,0.0,0.006747018587522952,0.0,4.960787900560808e-06,0.0,4.554104438370932e-06,1.0844289012217888e-05,3.9387239724000225e-06,0.0,4.2403250939833995e-06,0.07341050976270017,0.0,0.00012511962016181815,4.680727411116861e-06,0.0,1.1159406492981917e-05,0.0,0.09994552976712612,0.0,0.0,4.316577050002701e-06,0.08284568282335918,4.40838438686874e-06,0.0,0.0,0.0,1.1447926695143027e-05,0.0,0.09994900752538878,0.0,3.5524870885933864e-06,4.003940848613431e-06,0.0,6.644268913156136e-05,0.06941507191624292,0.0,0.0,0.0,0.0,3.9393157704850085e-06,0.0,0.04552836110532905,3.879829608753546e-06,2.976124161264768e-06,0.0,0.0,0.0,0.0,0.03530003575018661,0.0,0.0,0.0,0.0,0.0,3.139308392429286e-06,0.0,0.0,0.0,0.0,0.0,0.0,0.0
2019-10-08,0.0,0.0,0.0,0.0,0.0,0.0,0.0,0.00013223014190150338,0.0,0.0,0.0,0.0,0.0,0.0,0.0,0.0,0.0,0.0,0.0,3.230541016957697e-05,0.0,0.08714447086964888,0.0,0.0,0.0,0.0,0.0,0.0005173251957657389,0.0,0.013330199089034447,0.09999408365695642,0.0,0.0,0.0,0.0,0.0,0.0,0.0,0.0,0.0,0.0,0.0,0.0,0.0,0.06298376516154912,0.08044182256640434,0.0030900078121307317,0.0,0.0,0.0,0.0,1.3868110644731473e-05,0.0,0.0,0.0012327653889669429,0.0,0.0,0.0,0.0,0.0,0.0,0.0,0.0,0.0,0.0,0.0,0.0,0.0,0.0,0.0,0.0,0.03723805379617195,0.0,0.0,0.0016337924090044664,0.09487867235874684,0.0014714101735821261,0.0,0.0,0.09999406875647056,0.0,0.0,0.0,0.0,0.0,0.0,0.0,1.485316153869876e-05,0.0,0.0,0.0,0.0,0.0010600639850362383,0.0,0.0,0.0,0.0,0.0,0.0,0.0,0.0,0.07478871978568928,0.0,0.0005741845185276026,0.0,0.0,0.0,0.0,0.0999149471765533,0.0,0.0,0.0,0.08440111261696989,0.0,0.0,0.0,0.0,0.0,0.0,0.002698244005076282,0.0,0.0,0.0,0.0,6.717736354790941e-05,0.09999413580865693,0.0,0.0,0.0,0.0,0.0,0.0,0.0463829327082268,0.0,0.0,0.0,0.0,0.0,0.0,0.005974787973028706,0.0,0.0,0.0,0.0,0.0,0.0,0.0,0.0,0.0,0.0,0.0,0.0,0.0
2019-11-01,1.0629532103416335e-06,0.0,0.0,0.0,0.0,5.718061425573723e-07,0.0,0.0004527176787969956,1.9115047413813135e-06,3.815273850412176e-05,1.446406687000828e-07,3.723922566207762e-07,4.166447778198977e-08,4.3064028014553784e-07,4.3065195139821305e-08,0.0,0.0,0.0,0.0,0.10003729025551415,0.0,0.08552324510428978,0.0,0.0,0.0,0.0,0.0,0.001305278519010569,0.0,0.0012788244614499566,0.10003850513118867,0.0,0.0,0.0,0.0,0.0,0.0,0.0,0.0,0.0,0.0,0.0,0.0,0.0,0.06181202837847191,0.09263810859292079,0.0030324109703336825,0.0,0.0,0.0,0.0,0.0194088724091725,0.0,0.0,0.001209742265801937,0.0,0.0,7.372462316805514e-06,1.156027313599892e-06,0.0,0.0,0.0,0.0,0.0,0.0,4.434054746427384e-07,1.5757088134716614e-07,0.0,0.0,0.0,0.0,0.03654525279013288,0.0,0.0,0.001603301892719442,0.09311356472193241,0.0014439443726009407,0.0,6.3452683462072505e-06,0.09704827871559843,6.852342394907709e-06,0.0,0.0,0.0,6.394960303760499e-06,0.0,0.0,1.641476364944112e-05,7.3385970896521835e-06,0.0,5.091002122830303e-05,0.0,0.0010339484048020574,0.0,2.303959120800189e-08,0.0,1.1577332231978587e-09,7.554069169248208e-06,3.237070689998757e-07,0.0,5.545415479460257e-06,0.07339734740016919,0.0,1.595995679674046e-05,3.2724876109060497e-07,0.0,5.458052983041013e-06,0.0,0.0006713290946101841,0.0,0.0,0.0,0.0828309240918315,2.8987681295687547e-07,0.0,0.0,0.0,9.926768592029432e-06,0.0,0.0013651117282638156,0.0,1.8360755250785728e-06,1.2761061651186301e-06,0.0,6.512118504617095e-05,0.09178013805061074,0.0,0.0,0.0,0.0,5.41048453954332e-07,0.0,0.04552007603000196,5.055415748412793e-07,7.264451512121137e-06,0.0,0.0,0.0,0.0,0.006617984461845071,0.0,0.0,0.0,0.0,0.0,2.3703952189692714e-05,0.0,0.0,0.0,0.0,0.0,0.0,0.0
2019-12-02,0.0001352961945088762,0.0,0.0,0.0,0.0,0.0,0.0,0.0,0.0,8.526073452616823e-06,0.0,0.0,0.0,0.0,0.0,0.0,0.0,0.0,0.0,0.09839729605126281,0.0,0.0865347471917078,0.0,0.0,0.0,0.0,0.0,1.1429145269921858e-05,0.0,7.842218514588272e-05,0.100022916466766,0.0,0.0,0.0,0.0,0.0,0.0,0.0,0.0,0.0,0.0,0.0,0.0,0.0,0.06254113713757409,0.08963910062718655,0.0030637725880819063,0.0,0.0,0.0,0.0,0.0020641406029104593,0.0,0.0,0.0012208768863304358,0.0,0.0,0.0,0.0,0.0,0.0,0.0,0.0,0.0,0.0,0.0,0.0,0.0,0.0,0.0,0.0,0.036974469716202316,0.0,0.0,0.0016187314592501882,0.09421589755081469,0.001457629158234002,0.0,0.0,1.3222231587588207e-05,6.623729792578517e-06,0.0,0.0,0.0,1.589868488658131e-07,0.0,0.0,1.302519340356915e-05,0.0,0.0,0.0001438795901783034,0.0,0.08345836130711004,0.0,0.0,0.0,0.0,0.0,0.0,0.0,4.934563303285094e-06,0.07426494369435735,0.0,0.0,0.0,0.0,0.0,0.0,0.10002685115018331,0.0,0.0,0.0,0.08381036643192076,0.0,0.0,0.0,0.0,6.080642223323215e-05,0.0,0.0,0.0,0.0,0.0,0.0,5.66258465732208e-05,0.02676931682156606,0.0,0.0,0.0,0.0,0.0,0.0,0.04605566315296452,0.0,1.0956849362609148e-07,0.0,0.0,0.0,0.0,0.007330722274785166,0.0,0.0,0.0,0.0,0.0,0.0,0.0,0.0,0.0,0.0,0.0,0.0,0.0
